Rank,Major_code,Major,Total,Men,Women,Major_category,ShareWomen,Sample_size,Employed,Full_time,Part_time,Full_time_year_round,Unemployed,Unemployment_rate,Median,P25th,P75th,College_jobs,Non_college_jobs,Low_wage_jobs
1,2419,PETROLEUM ENGINEERING,2339,2057,282,Engineering,0.1206,36,1976,1849,270,1207,37,0.0184,110000,95000,125000,1534,364,193
2,2416,MINING AND MINERAL ENGINEERING,756,679,77,Engineering,0.1019,7,640,556,170,388,85,0.1172,75000,55000,90000,350,257,50
3,2415,METALLURGICAL ENGINEERING,856,725,131,Engineering,0.1530,3,648,558,133,340,16,0.0241,73000,50000,105000,456,176,0
4,2417,NAVAL ARCHITECTURE AND MARINE ENGINEERING,1258,1123,135,Engineering,0.1073,16,758,1069,150,692,40,0.0501,70000,43000,80000,529,102,0
5,2405,CHEMICAL ENGINEERING,32260,21239,11021,Engineering,0.3416,289,25694,23170,5180,16697,1672,0.0611,65000,50000,75000,18314,4440,972
6,2418,NUCLEAR ENGINEERING,2573,2200,373,Engineering,0.1450,17,1857,2038,264,1449,400,0.1772,65000,50000,102000,1142,657,244
7,6202,ACTUARIAL SCIENCE,3777,2110,1667,Business,0.4414,51,2912,2924,296,2482,308,0.0957,62000,53000,72000,1768,314,259
8,5001,ASTRONOMY AND ASTROPHYSICS,1792,832,960,Physical Sciences,0.5357,10,1526,1085,553,827,33,0.0212,62000,31500,109000,972,500,220
9,2414,MECHANICAL ENGINEERING,91227,80320,10907,Engineering,0.1196,1029,76442,71298,13101,54639,4650,0.0573,60000,48000,70000,52844,16384,3253
10,2408,ELECTRICAL ENGINEERING,81527,65511,16016,Engineering,0.1965,631,61928,55450,12695,41413,3895,0.0592,60000,45000,72000,45829,10874,3170
11,2407,COMPUTER ENGINEERING,41542,33258,8284,Engineering,0.1994,399,32506,30315,5146,23621,2275,0.0654,60000,45000,75000,23694,5721,980
12,2401,AEROSPACE ENGINEERING,15058,12953,2105,Engineering,0.1398,147,11391,11106,2724,8790,794,0.0652,60000,42000,70000,8184,2425,372
13,2404,BIOMEDICAL ENGINEERING,14955,8407,6548,Engineering,0.4378,79,10047,9017,2694,5986,1019,0.0921,60000,36000,70000,6439,2471,789
14,5008,MATERIALS SCIENCE,4279,2949,1330,Engineering,0.3108,22,3307,2751,878,1967,78,0.0230,60000,39000,65000,2626,391,81
15,2409,ENGINEERING MECHANICS PHYSICS AND SCIENCE,4321,3526,795,Engineering,0.1840,30,3608,2999,811,2004,23,0.0063,58000,25000,74000,2439,947,263
16,2402,BIOLOGICAL ENGINEERING,8925,6062,2863,Engineering,0.3208,55,6170,5455,1983,3413,589,0.0871,57100,40000,76000,3603,1595,524
17,2412,INDUSTRIAL AND MANUFACTURING ENGINEERING,18968,12453,6515,Engineering,0.3435,183,15604,14879,2243,11326,699,0.0429,57000,37900,67000,8306,3235,640
18,2400,GENERAL ENGINEERING,61152,45683,15469,Engineering,0.2530,425,44931,41235,7199,33540,2859,0.0598,56000,36000,69000,26898,11734,3192
19,2403,ARCHITECTURAL ENGINEERING,2825,1835,990,Engineering,0.3504,26,2575,2277,343,1848,170,0.0619,54000,38000,65000,1665,649,137
20,3201,COURT REPORTING,1148,877,271,Law & Public Policy,0.2361,14,930,808,223,808,11,0.0117,54000,50000,54000,402,528,144
21,2102,COMPUTER SCIENCE,128319,99743,28576,Computers & Mathematics,0.2227,1196,102087,91485,18726,70932,6884,0.0632,53000,39000,70000,68622,25667,5144
22,1104,FOOD SCIENCE,,,,Agriculture & Natural Resources,,36,3149,2558,1121,1735,338,0.0969,53000,32000,70000,1183,1274,485
23,2502,ELECTRICAL ENGINEERING TECHNOLOGY,11565,8181,3384,Engineering,0.2926,97,8587,7530,1873,5681,824,0.0876,52000,35000,60000,5126,2686,696
24,2413,MATERIALS ENGINEERING AND MATERIALS SCIENCE,2993,2020,973,Engineering,0.3251,22,2449,1658,1040,1151,70,0.0278,52000,35000,62000,1911,305,70
25,6212,MANAGEMENT INFORMATION SYSTEMS AND STATISTICS,18713,13496,5217,Business,0.2788,278,16413,15141,2420,13017,1015,0.0582,51000,38000,60000,6342,5741,708
26,2406,CIVIL ENGINEERING,53153,41081,12072,Engineering,0.2271,565,43041,38302,10080,29196,3270,0.0706,50000,40000,60000,28526,9356,2899
27,5601,CONSTRUCTION SERVICES,18498,16820,1678,Industrial Arts & Consumer Services,0.0907,295,16318,15690,1751,12313,1042,0.0600,50000,36000,60000,3275,5351,703
28,6204,OPERATIONS LOGISTICS AND E-COMMERCE,11732,7921,3811,Business,0.3248,156,10027,9639,1183,7724,504,0.0479,50000,40000,60000,1466,3629,285
29,2499,MISCELLANEOUS ENGINEERING,9133,7398,1735,Engineering,0.1900,118,7428,6811,1662,5476,597,0.0744,50000,39000,65000,3445,2426,365
30,5402,PUBLIC POLICY,5978,2639,3339,Law & Public Policy,0.5585,55,4547,4163,1306,2776,670,0.1284,50000,35000,70000,1550,1871,340
31,2410,ENVIRONMENTAL ENGINEERING,4047,2662,1385,Engineering,0.3422,26,2983,2384,930,1951,308,0.0936,50000,42000,56000,2028,830,260
32,2500,ENGINEERING TECHNOLOGIES,3600,2695,905,Engineering,0.2514,39,2799,2257,689,1723,163,0.0550,50000,43000,60000,1017,1269,142
33,6099,MISCELLANEOUS FINE ARTS,3340,1970,1370,Arts,0.4102,30,2914,2049,1067,1200,286,0.0894,50000,25000,66000,693,1714,755
34,2411,GEOLOGICAL AND GEOPHYSICAL ENGINEERING,720,488,232,Engineering,0.3222,5,604,524,126,396,49,0.0750,50000,42800,57000,501,50,49
35,6107,NURSING,209394,21773,187621,Health,0.8960,2554,180903,151191,40818,122817,8497,0.0449,48000,39000,58000,151643,26146,6193
36,6207,FINANCE,174506,115030,59476,Business,0.3408,2189,145696,137921,21463,108595,9413,0.0607,47000,35000,64000,24243,48447,9910
37,5501,ECONOMICS,139247,89749,49498,Social Science,0.3555,1322,104117,96567,25325,70740,11452,0.0991,47000,35000,65000,25582,37057,10653
38,6205,BUSINESS ECONOMICS,13302,7575,5727,Business,0.4305,199,10914,10048,1937,8000,1165,0.0964,46000,33000,58000,1578,4612,1284
39,2503,INDUSTRIAL PRODUCTION TECHNOLOGIES,4631,3477,1154,Engineering,0.2492,73,4428,3988,597,3242,129,0.0283,46000,35000,65000,1394,2454,480
40,5102,"NUCLEAR, INDUSTRIAL RADIOLOGY, AND BIOLOGICAL TECHNOLOGIES",2116,528,1588,Physical Sciences,0.7505,31,1778,1392,579,1115,137,0.0715,46000,38000,53000,162,1475,124
41,6201,ACCOUNTING,198633,94519,104114,Business,0.5242,2042,165527,151967,27693,123169,12411,0.0697,45000,34000,56000,11417,39323,10886
42,3700,MATHEMATICS,72397,39956,32441,Computers & Mathematics,0.4481,541,58118,46399,18079,33738,2884,0.0473,45000,33000,60000,34800,14829,4569
43,2100,COMPUTER AND INFORMATION SYSTEMS,36698,27392,9306,Computers & Mathematics,0.2536,425,28459,26348,4332,21130,2934,0.0935,45000,30000,60000,13344,11783,1672
44,5007,PHYSICS,32142,23080,9062,Physical Sciences,0.2819,142,25302,19428,8721,14389,1282,0.0482,45000,30000,68000,18674,4576,1823
45,6105,MEDICAL TECHNOLOGIES TECHNICIANS,15914,3916,11998,Health,0.7539,190,13150,11510,2665,9005,505,0.0370,45000,36000,50000,5546,7176,1002
46,2105,INFORMATION SCIENCES,11913,9005,2908,Computers & Mathematics,0.2441,158,9881,9105,1468,7378,639,0.0607,45000,32500,58000,4390,4102,608
47,3702,STATISTICS AND DECISION SCIENCE,6251,2960,3291,Computers & Mathematics,0.5265,37,4247,3190,1840,2151,401,0.0863,45000,26700,60000,2298,1200,343
48,3701,APPLIED MATHEMATICS,4939,2794,2145,Computers & Mathematics,0.4343,45,3854,3465,1176,2593,385,0.0908,45000,34000,63000,2437,803,357
49,3607,PHARMACOLOGY,1762,515,1247,Biology & Life Science,0.7077,3,1144,657,532,565,107,0.0855,45000,40000,45000,603,478,93
50,5006,OCEANOGRAPHY,2418,752,1666,Physical Sciences,0.6890,36,1638,1931,379,1595,99,0.0570,44700,23000,50000,459,996,186
51,2501,ENGINEERING AND INDUSTRIAL MANAGEMENT,2906,2400,506,Engineering,0.1741,29,2125,1992,462,1358,74,0.0337,44000,30000,50000,482,844,245
52,6104,MEDICAL ASSISTING SERVICES,11123,803,10320,Health,0.9278,67,9168,5643,4107,4290,407,0.0425,42000,30000,65000,2091,6948,1270
53,4005,MATHEMATICS AND COMPUTER SCIENCE,609,500,109,Computers & Mathematics,0.1790,7,559,584,0,391,0,0.0000,42000,30000,78000,452,67,25
54,2101,COMPUTER PROGRAMMING AND DATA PROCESSING,4168,3046,1122,Computers & Mathematics,0.2692,43,3257,3204,482,2453,419,0.1140,41300,20000,46000,2024,1033,263
55,4006,COGNITIVE SCIENCE AND BIOPSYCHOLOGY,3831,1667,2164,Biology & Life Science,0.5649,25,2741,2470,711,1584,223,0.0752,41000,20000,60000,1369,921,135
56,2303,SCHOOL STUDENT COUNSELING,818,119,699,Education,0.8545,4,730,595,135,545,88,0.1076,41000,41000,43000,509,221,0
57,5505,INTERNATIONAL RELATIONS,28187,10345,17842,Social Science,0.6330,219,21190,18681,5563,13583,2271,0.0968,40100,31200,53000,6774,9570,2499
58,6200,GENERAL BUSINESS,234590,132238,102352,Business,0.4363,2380,190183,171385,36241,138299,14946,0.0729,40000,30000,55000,29334,100831,27320
59,1401,ARCHITECTURE,46420,25463,20957,Engineering,0.4515,362,34158,29223,10206,20026,4366,0.1133,40000,31000,50000,16178,13724,4221
60,6210,INTERNATIONAL BUSINESS,25894,10624,15270,Business,0.5897,260,19660,17563,4890,12823,2092,0.0962,40000,30000,50000,3383,9482,3046
61,6108,PHARMACY PHARMACEUTICAL SCIENCES AND ADMINISTRATION,23551,8697,14854,Health,0.6307,38,16620,12537,5346,9131,977,0.0555,40000,20000,90000,11573,4493,1121
62,3603,MOLECULAR BIOLOGY,18300,7426,10874,Biology & Life Science,0.5942,90,11581,9441,4590,6183,1067,0.0844,40000,29000,47000,7225,3145,1168
63,6299,MISCELLANEOUS BUSINESS & MEDICAL ADMINISTRATION,17947,10285,7662,Business,0.4269,244,14826,13364,3366,10637,1150,0.0720,40000,30000,51000,2236,8937,1758
64,1101,AGRICULTURE PRODUCTION AND MANAGEMENT,14240,9658,4582,Agriculture & Natural Resources,0.3218,273,12323,11119,2196,9093,649,0.0500,40000,25000,50000,1925,6221,1362
65,1100,GENERAL AGRICULTURE,10399,6053,4346,Agriculture & Natural Resources,0.4179,158,8884,7589,2031,5888,178,0.0196,40000,30000,50000,2418,4717,839
66,2599,MISCELLANEOUS ENGINEERING TECHNOLOGIES,8804,7043,1761,Engineering,0.2000,125,7502,7001,1240,5825,416,0.0525,40000,30400,56000,2446,3896,386
67,2504,MECHANICAL ENGINEERING RELATED TECHNOLOGIES,4790,4419,371,Engineering,0.0775,71,4186,4175,247,3607,250,0.0564,40000,27000,52000,1861,2121,406
68,3605,GENETICS,3635,1761,1874,Biology & Life Science,0.5155,11,2463,1787,847,1487,87,0.0341,40000,34000,45000,1675,678,201
69,5599,MISCELLANEOUS SOCIAL SCIENCES,3283,1499,1784,Social Science,0.5434,28,2727,2183,907,1530,215,0.0731,40000,30000,54000,744,1654,573
70,6403,UNITED STATES HISTORY,3079,1756,1323,Humanities & Liberal Arts,0.4297,22,2787,2103,839,1274,138,0.0472,40000,30000,42000,801,1591,302
71,5205,INDUSTRIAL AND ORGANIZATIONAL PSYCHOLOGY,3014,1075,1939,Psychology & Social Work,0.6433,24,2343,1644,1095,1409,286,0.1088,40000,32000,53000,559,1224,272
72,1102,AGRICULTURAL ECONOMICS,2439,1749,690,Agriculture & Natural Resources,0.2829,44,2174,1819,620,1528,182,0.0772,40000,27000,54000,535,893,94
73,5000,PHYSICAL SCIENCES,1436,894,542,Physical Sciences,0.3774,10,1146,768,437,653,42,0.0354,40000,30000,55000,530,465,269
74,3801,MILITARY TECHNOLOGIES,124,124,0,Industrial Arts & Consumer Services,0.0000,4,0,111,0,111,0,0.0000,40000,40000,40000,0,0,0
75,5003,CHEMISTRY,66530,32923,33607,Physical Sciences,0.5051,353,48535,39509,15066,29910,2769,0.0540,39000,30000,49900,30382,14718,4288
76,5701,"ELECTRICAL, MECHANICAL, AND PRECISION TECHNOLOGIES AND PRODUCTION",2435,1869,566,Industrial Arts & Consumer Services,0.2324,37,2107,2057,287,1752,64,0.0295,38400,22500,45000,221,1659,81
77,6203,BUSINESS MANAGEMENT AND ADMINISTRATION,329927,173809,156118,Business,0.4732,4212,276234,251540,50357,199897,21502,0.0722,38000,29000,50000,36720,148395,32395
78,6206,MARKETING AND MARKETING RESEARCH,205211,78857,126354,Business,0.6157,2684,178862,156668,35829,127230,11663,0.0612,38000,30000,50000,25320,93889,27968
79,5506,POLITICAL SCIENCE AND GOVERNMENT,182621,93880,88741,Social Science,0.4859,1387,133454,117709,43711,83236,15022,0.1012,38000,28000,50000,36854,66947,19803
80,5504,GEOGRAPHY,18480,11404,7076,Social Science,0.3829,179,14057,11367,5651,8628,1799,0.1135,38000,30000,50000,5350,6830,1905
81,3606,MICROBIOLOGY,15232,6383,8849,Biology & Life Science,0.5809,62,9685,7453,3379,5080,693,0.0668,38000,29600,50000,5577,3174,1246
82,2106,COMPUTER ADMINISTRATION MANAGEMENT AND SECURITY,8066,6607,1459,Computers & Mathematics,0.1809,103,6509,6289,1030,4936,721,0.0997,37500,25000,50000,2354,3244,308
83,3601,BIOCHEMICAL SCIENCES,39107,18951,20156,Biology & Life Science,0.5154,174,25678,20643,9948,13785,2249,0.0805,37400,29000,50000,15654,8394,3012
84,3602,BOTANY,1329,626,703,Biology & Life Science,0.5290,9,1010,946,169,740,0,0.0000,37000,26000,40000,677,184,56
85,2107,COMPUTER NETWORKING AND TELECOMMUNICATIONS,7613,5291,2322,Computers & Mathematics,0.3050,97,6144,5495,1447,4369,1100,0.1518,36400,27000,49000,2593,2941,352
86,5004,GEOLOGY AND EARTH SCIENCE,10972,5813,5159,Physical Sciences,0.4702,78,8296,6966,2913,5008,677,0.0754,36200,28000,47000,4858,2792,959
87,6209,HUMAN RESOURCES AND PERSONNEL MANAGEMENT,24497,6184,18313,Business,0.7476,264,20760,18550,3767,15446,1315,0.0596,36000,28000,45000,2406,9629,1906
88,3202,PRE-LAW AND LEGAL STUDIES,13528,4435,9093,Law & Public Policy,0.6722,92,9762,7851,3595,5370,757,0.0720,36000,29200,46000,2002,6454,1336
89,6199,MISCELLANEOUS HEALTH MEDICAL PROFESSIONS,13386,1589,11797,Health,0.8813,81,10076,7514,4145,5868,893,0.0814,36000,23000,42000,5652,3835,1422
90,5401,PUBLIC ADMINISTRATION,5629,2947,2682,Law & Public Policy,0.4765,46,4158,4148,847,2952,789,0.1595,36000,23000,60000,919,2313,496
91,5005,GEOSCIENCES,1978,809,1169,Physical Sciences,0.5910,18,1441,1264,354,1011,36,0.0244,36000,21000,41000,784,591,221
92,5206,SOCIAL PSYCHOLOGY,1386,413,973,Psychology & Social Work,0.7020,8,1080,828,433,529,33,0.0296,36000,34000,45000,434,593,37
93,1301,ENVIRONMENTAL SCIENCE,25965,10787,15178,Biology & Life Science,0.5846,225,20859,16987,7071,10916,1779,0.0786,35600,25000,40200,8149,10076,3175
94,1901,COMMUNICATIONS,213996,70619,143377,Communications & Journalism,0.6700,2394,179633,147335,49889,116251,14602,0.0752,35000,27000,45000,40763,97964,27440
95,5301,CRIMINAL JUSTICE AND FIRE PROTECTION,152824,80231,72593,Law & Public Policy,0.4750,1728,125393,109970,32242,88548,11268,0.0825,35000,26000,45000,24348,88858,18404
96,6004,COMMERCIAL ART AND GRAPHIC DESIGN,103480,32041,71439,Arts,0.6904,1186,83483,67448,24387,52243,8947,0.0968,35000,25000,45000,37389,38119,14839
97,1902,JOURNALISM,72619,23736,48883,Communications & Journalism,0.6731,843,61022,51411,15902,39524,4535,0.0692,35000,26000,42900,23279,26672,8512
98,5098,MULTI-DISCIPLINARY OR GENERAL SCIENCE,62052,27015,35037,Physical Sciences,0.5646,427,46138,37850,13133,28966,2727,0.0558,35000,24000,50000,17923,22039,5751
99,1904,ADVERTISING AND PUBLIC RELATIONS,53162,12862,40300,Communications & Journalism,0.7581,681,45326,38815,10948,30932,3305,0.0680,35000,27000,47000,9659,23059,7214
100,1501,AREA ETHNIC AND CIVILIZATION STUDIES,31195,8739,22456,Humanities & Liberal Arts,0.7199,249,24629,18755,9541,13109,1668,0.0634,35000,24500,44000,8465,11818,3677
101,2310,SPECIAL NEEDS EDUCATION,28739,2682,26057,Education,0.9067,246,24639,21584,5153,16642,1067,0.0415,35000,32000,42000,20185,3797,1179
102,3608,PHYSIOLOGY,22060,8422,13638,Biology & Life Science,0.6182,99,14643,10732,6541,7588,1088,0.0692,35000,20000,50000,6587,6894,2237
103,5503,CRIMINOLOGY,19879,10031,9848,Social Science,0.4954,214,16181,13616,4543,10548,1743,0.0972,35000,25000,45000,3373,10605,1895
104,4002,NUTRITION SCIENCES,18909,2563,16346,Health,0.8645,118,13217,9601,6648,6625,975,0.0687,35000,26000,45000,6535,5473,2449
105,6103,HEALTH AND MEDICAL ADMINISTRATIVE SERVICES,18109,4266,13843,Health,0.7644,184,15419,13534,3299,10982,1518,0.0896,35000,27000,42000,2589,8592,1391
106,2001,COMMUNICATION TECHNOLOGIES,18035,11431,6604,Computers & Mathematics,0.3662,208,14779,11981,4690,9085,2006,0.1195,35000,25000,45000,4545,8794,2495
107,5901,TRANSPORTATION SCIENCES AND TECHNOLOGIES,15150,13257,1893,Industrial Arts & Consumer Services,0.1250,180,12266,11688,2633,9170,962,0.0727,35000,22000,52000,4575,6147,557
108,1303,NATURAL RESOURCES MANAGEMENT,13773,8617,5156,Agriculture & Natural Resources,0.3744,152,11797,10722,2613,6954,842,0.0666,35000,25000,42000,4333,5808,1405
109,3611,NEUROSCIENCE,13663,4944,8719,Biology & Life Science,0.6381,53,9087,8027,3078,5482,463,0.0485,35000,30000,44000,5605,2301,902
110,4000,MULTI/INTERDISCIPLINARY STUDIES,12296,2817,9479,Interdisciplinary,0.7709,128,9821,8032,3173,6234,749,0.0709,35000,25000,44000,5176,3903,1061
111,5002,ATMOSPHERIC SCIENCES AND METEOROLOGY,4043,2744,1299,Physical Sciences,0.3213,32,3431,2659,1309,2161,78,0.0222,35000,28000,50000,1808,1317,237
112,1302,FORESTRY,3607,3156,451,Agriculture & Natural Resources,0.1250,48,3007,2473,891,1763,322,0.0967,35000,28600,48000,1096,1692,327
113,1106,SOIL SCIENCE,685,476,209,Agriculture & Natural Resources,0.3051,4,613,488,185,383,0,0.0000,35000,18500,44000,355,144,0
114,2300,GENERAL EDUCATION,143718,26893,116825,Education,0.8129,919,118241,98408,29558,73531,7195,0.0574,34000,26000,41000,82007,31112,11443
115,6402,HISTORY,141951,78253,63698,Humanities & Liberal Arts,0.4487,1058,105646,84681,40657,59218,11176,0.0957,34000,25000,47000,35336,54569,16839
116,2602,FRENCH GERMAN LATIN AND OTHER COMMON FOREIGN LANGUAGE STUDIES,48246,12835,35411,Humanities & Liberal Arts,0.7340,342,38315,29340,14569,20056,3132,0.0756,34000,25000,45000,15051,18193,5267
117,4001,INTERCULTURAL AND INTERNATIONAL STUDIES,24650,8575,16075,Humanities & Liberal Arts,0.6521,184,18824,14354,7978,8801,1718,0.0836,34000,24000,45000,4956,10343,3168
118,2311,SOCIAL SCIENCE OR HISTORY TEACHER EDUCATION,20198,9950,10248,Education,0.5074,157,17700,14002,5168,8871,1012,0.0541,34000,23050,42000,10928,5561,1806
119,6110,COMMUNITY AND PUBLIC HEALTH,19735,4103,15632,Health,0.7921,130,14512,10099,6377,7460,1833,0.1121,34000,21000,45000,5225,7385,1854
120,2305,MATHEMATICS TEACHER EDUCATION,14237,3872,10365,Education,0.7280,123,13115,11259,2273,8073,216,0.0162,34000,30000,40000,10699,1977,786
121,2301,EDUCATIONAL ADMINISTRATION AND SUPERVISION,804,280,524,Education,0.6517,5,703,733,0,504,0,0.0000,34000,29000,35000,346,206,111
122,6106,HEALTH AND MEDICAL PREPARATORY PROGRAMS,12740,5521,7219,Health,0.5666,31,7052,5029,3891,3236,529,0.0698,33500,23000,40000,3051,3539,1159
123,3699,MISCELLANEOUS BIOLOGY,10706,4747,5959,Biology & Life Science,0.5566,63,7767,6076,2568,4542,483,0.0585,33500,23000,48000,4253,2722,459
124,3600,BIOLOGY,280709,111762,168947,Biology & Life Science,0.6019,1370,182295,144512,72371,100336,13874,0.0707,33400,24000,45000,88232,81109,28339
125,5507,SOCIOLOGY,115433,32510,82923,Social Science,0.7184,1024,92721,73475,29639,56561,8608,0.0850,33000,25000,44000,29051,48899,13748
126,1903,MASS MEDIA,52824,24704,28120,Communications & Journalism,0.5323,590,44679,35769,13078,27521,4410,0.0898,33000,25000,45000,12855,25297,6429
127,6109,TREATMENT THERAPY PROFESSIONS,48491,13487,35004,Health,0.7219,224,37861,30020,12346,21735,2409,0.0598,33000,24000,41000,22215,14616,4468
128,6211,HOSPITALITY MANAGEMENT,43647,15204,28443,Business,0.6517,546,36728,32160,7494,23106,2393,0.0612,33000,25000,42000,2325,23341,9063
129,2313,LANGUAGE AND DRAMA EDUCATION,30471,3741,26730,Education,0.8772,235,26033,21419,7239,15266,1379,0.0503,33000,24000,40000,17985,6824,2819
130,2601,LINGUISTICS AND COMPARATIVE LANGUAGE AND LITERATURE,16601,4416,12185,Humanities & Liberal Arts,0.7340,88,11165,8462,4831,5821,1302,0.1044,33000,25000,40000,4122,5695,2085
131,2399,MISCELLANEOUS EDUCATION,10150,3654,6496,Education,0.6400,126,8691,7264,2202,5816,547,0.0592,33000,30000,45000,5284,2438,657
132,4007,INTERDISCIPLINARY SOCIAL SCIENCES,9916,2337,7579,Social Science,0.7643,95,7444,5843,2834,4714,757,0.0923,33000,24000,40000,2630,3906,1470
133,3604,ECOLOGY,9154,3878,5276,Biology & Life Science,0.5764,86,7585,5603,2741,3912,437,0.0545,33000,23000,42000,2856,4159,976
134,2309,SECONDARY TEACHER EDUCATION,17125,6820,10305,Education,0.6018,156,15116,12520,3782,9193,833,0.0522,32500,25000,38000,10304,3967,1385
135,6100,GENERAL MEDICAL AND HEALTH SERVICES,33599,7574,26025,Health,0.7746,202,24406,18166,11088,12809,2183,0.0821,32400,25000,45000,9364,12889,3816
136,4801,PHILOSOPHY AND RELIGIOUS STUDIES,54814,31967,22847,Humanities & Liberal Arts,0.4168,375,40157,31086,16659,21816,4267,0.0961,32200,23000,47100,14444,20313,8051
137,2314,ART AND MUSIC EDUCATION,34181,10732,23449,Education,0.6860,338,30007,23018,9209,16537,1206,0.0386,32100,25000,40000,20821,8260,2767
138,3301,ENGLISH LANGUAGE AND LITERATURE,194673,58227,136446,Humanities & Liberal Arts,0.7009,1436,149180,114386,57825,81180,14345,0.0877,32000,23000,41000,57690,71827,26503
139,2304,ELEMENTARY EDUCATION,170862,13029,157833,Education,0.9237,1629,149339,123177,37965,86540,7297,0.0466,32000,23400,38000,108085,36972,11502
140,4101,PHYSICAL FITNESS PARKS RECREATION AND LEISURE,125074,62181,62893,Industrial Arts & Consumer Services,0.5028,1014,103078,77428,38515,57978,5593,0.0515,32000,24000,43000,27581,63946,16838
141,3401,LIBERAL ARTS,71369,22339,49030,Humanities & Liberal Arts,0.6870,569,54844,43401,19187,33438,4657,0.0783,32000,25000,42000,18565,28558,9030
142,6005,FILM VIDEO AND PHOTOGRAPHIC ARTS,38761,22357,16404,Arts,0.4232,331,31433,22457,12818,15740,3718,0.1058,32000,22000,42000,7368,20721,5862
143,5500,GENERAL SOCIAL SCIENCES,12920,5079,7841,Social Science,0.6069,113,9602,7700,3396,5679,1108,0.1035,32000,27000,50000,3602,4778,1634
144,1105,PLANT SCIENCE AND AGRONOMY,7416,4897,2519,Agriculture & Natural Resources,0.3397,110,6594,5798,1246,4522,314,0.0455,32000,22900,40000,2089,3545,1231
145,2308,SCIENCE AND COMPUTER TEACHER EDUCATION,6483,2049,4434,Education,0.6839,59,5362,4764,1227,3247,266,0.0473,32000,28000,39000,4214,1106,591
146,5200,PSYCHOLOGY,393735,86648,307087,Psychology & Social Work,0.7799,2584,307933,233205,115172,174438,28169,0.0838,31500,24000,41000,125148,141860,48207
147,6002,MUSIC,60633,29909,30724,Arts,0.5067,419,47662,29010,24943,21425,3918,0.0760,31000,22300,42000,13752,28786,9286
148,2306,PHYSICAL AND HEALTH EDUCATION TEACHING,28213,15670,12543,Education,0.4446,259,23794,19420,7230,13651,1920,0.0747,31000,24000,40000,12777,9328,2042
149,6006,ART HISTORY AND CRITICISM,21030,3240,17790,Humanities & Liberal Arts,0.8459,204,17579,13262,6140,9965,1128,0.0603,31000,23000,40000,5139,9738,3426
150,6000,FINE ARTS,74440,24786,49654,Arts,0.6670,623,59679,42764,23656,31877,5486,0.0842,30500,21000,41000,20792,32725,11880
151,2901,FAMILY AND CONSUMER SCIENCES,58001,5166,52835,Industrial Arts & Consumer Services,0.9109,518,46624,36747,15872,26906,3355,0.0671,30000,22900,40000,20985,20133,5248
152,5404,SOCIAL WORK,53552,5137,48415,Psychology & Social Work,0.9041,374,45038,34941,13481,27588,3329,0.0688,30000,25000,35000,27449,14416,4344
153,1103,ANIMAL SCIENCES,21573,5347,16226,Agriculture & Natural Resources,0.7521,255,17112,14479,5353,10824,917,0.0509,30000,22000,40000,5443,9571,2125
154,6003,VISUAL AND PERFORMING ARTS,16250,4133,12117,Arts,0.7457,132,12870,8447,6253,6322,1465,0.1022,30000,22000,40000,3849,7635,2840
155,2312,TEACHER EDUCATION: MULTIPLE LEVELS,14443,2734,11709,Education,0.8107,142,13076,11734,2214,8457,496,0.0365,30000,24000,37000,10766,1949,722
156,5299,MISCELLANEOUS PSYCHOLOGY,9628,1936,7692,Psychology & Social Work,0.7989,60,7653,5201,3221,3838,419,0.0519,30000,20800,40000,2960,3948,1650
157,5403,HUMAN SERVICES AND COMMUNITY ORGANIZATION,9374,885,8489,Psychology & Social Work,0.9056,89,8294,6455,2405,5061,326,0.0378,30000,24000,35000,2878,4595,724
158,3402,HUMANITIES,6652,2013,4639,Humanities & Liberal Arts,0.6974,49,5052,3565,2225,2661,372,0.0686,30000,20000,49000,1168,3354,1141
159,4901,THEOLOGY AND RELIGIOUS VOCATIONS,30207,18616,11591,Humanities & Liberal Arts,0.3837,310,24202,18079,8767,13944,1617,0.0626,29000,22000,38000,9927,12037,3304
160,6007,STUDIO ARTS,16977,4754,12223,Arts,0.7200,182,13908,10451,5673,7413,1368,0.0896,29000,19200,38300,3948,8707,3586
161,2201,COSMETOLOGY SERVICES AND CULINARY ARTS,10510,4364,6146,Industrial Arts & Consumer Services,0.5848,117,8650,7662,2064,5949,510,0.0557,29000,20000,36000,563,7384,3163
162,1199,MISCELLANEOUS AGRICULTURE,1488,404,1084,Agriculture & Natural Resources,0.7285,24,1290,1098,335,936,82,0.0598,29000,23000,42100,483,626,31
163,5502,ANTHROPOLOGY AND ARCHEOLOGY,38844,11376,27468,Humanities & Liberal Arts,0.7071,247,29633,20147,14515,13232,3395,0.1028,28000,20000,38000,9805,16693,6866
164,6102,COMMUNICATION DISORDERS SCIENCES AND SERVICES,38279,1225,37054,Health,0.9680,95,29763,19975,13862,14460,1487,0.0476,28000,20000,40000,19957,9404,5125
165,2307,EARLY CHILDHOOD EDUCATION,37589,1167,36422,Education,0.9690,342,32551,27569,7001,20748,1360,0.0401,28000,21000,35000,23515,7705,2868
166,2603,OTHER FOREIGN LANGUAGES,11204,3472,7732,Humanities & Liberal Arts,0.6901,56,7052,5197,3685,3214,846,0.1071,27500,22900,38000,2326,3703,1115
167,6001,DRAMA AND THEATER ARTS,43249,14440,28809,Arts,0.6661,357,36165,25147,15994,16891,3040,0.0775,27000,19200,35000,6994,25313,11068
168,3302,COMPOSITION AND RHETORIC,18953,7022,11931,Humanities & Liberal Arts,0.6295,151,15053,10121,6612,7832,1340,0.0817,27000,20000,35000,4855,8100,3466
169,3609,ZOOLOGY,8409,3050,5359,Biology & Life Science,0.6373,47,6259,5043,2190,3602,304,0.0463,26000,20000,39000,2771,2947,743
170,5201,EDUCATIONAL PSYCHOLOGY,2854,522,2332,Psychology & Social Work,0.8171,7,2125,1848,572,1211,148,0.0651,25000,24000,34000,1488,615,82
171,5202,CLINICAL PSYCHOLOGY,2838,568,2270,Psychology & Social Work,0.7999,13,2101,1724,648,1293,368,0.1490,25000,25000,40000,986,870,622
172,5203,COUNSELING PSYCHOLOGY,4626,931,3695,Psychology & Social Work,0.7987,21,3777,3154,965,2738,214,0.0536,23400,19200,26000,2403,1245,308
173,3501,LIBRARY SCIENCE,1098,134,964,Education,0.8780,2,742,593,237,410,87,0.1049,22000,20000,22000,288,338,192